{
    "attempts": [
        11.7,
        20.5,
        18.87909090909091,
        18.87909090909091
    ],
    "freezes": 3,
    "last_entry": "2025-02-26"
}